代码,简称,日期,开盘价(元),最高价(元),最低价(元),收盘价(元),成交量(股),
000510.SZ,新金路,2018-01-08,8.5,8.63,8.34,8.58,9533166,
000510.SZ,新金路,2018-01-09,8.58,8.61,8.37,8.43,5752601,
000510.SZ,新金路,2018-01-10,8.48,8.48,8.3,8.3,4793595,
000510.SZ,新金路,2018-01-11,8.3,8.48,8.19,8.43,11674721,
000510.SZ,新金路,2018-01-12,8.41,8.64,8.39,8.61,8867319,
000510.SZ,新金路,2018-01-15,8.61,8.73,8.5,8.61,8534601,
000510.SZ,新金路,2018-01-16,8.61,8.65,8.51,8.55,4407801,
000510.SZ,新金路,2018-01-17,8.55,8.61,8.36,8.41,6468698,
000510.SZ,新金路,2018-01-18,8.39,8.55,8.32,8.32,4905682,
000510.SZ,新金路,2018-01-19,8.29,8.33,8.1,8.15,4500544,
000510.SZ,新金路,2018-01-22,8.12,8.52,7.91,8.47,11691704,
000510.SZ,新金路,2018-01-23,8.45,8.48,8.31,8.4,5355272,
000510.SZ,新金路,2018-01-24,8.4,8.51,8.31,8.42,6211046,
000510.SZ,新金路,2018-01-25,8.4,8.43,8.35,8.36,3589401,
000510.SZ,新金路,2018-01-26,8.39,8.64,8.33,8.44,5395037,
000510.SZ,新金路,2018-01-29,8.41,8.45,8.19,8.21,4978900,
000510.SZ,新金路,2018-01-30,8.27,8.27,8.15,8.19,2166900,
000510.SZ,新金路,2018-01-31,8.19,8.22,7.98,8.04,5484775,
000510.SZ,新金路,2018-02-01,8.06,8.09,7.68,7.72,6023215,
000510.SZ,新金路,2018-02-02,7.42,7.68,6.95,7.15,8388529,
000510.SZ,新金路,2018-02-05,7,7.09,6.88,6.9,5508023,
000510.SZ,新金路,2018-02-06,6.8,6.8,6.21,6.21,10508776,
000510.SZ,新金路,2018-02-07,6.32,6.46,6.1,6.39,6071383,
000510.SZ,新金路,2018-02-08,6.39,6.49,6.32,6.44,3194300,
000510.SZ,新金路,2018-02-09,6.09,6.39,6.09,6.37,4095827,
000510.SZ,新金路,2018-02-12,6.38,6.56,6.37,6.5,2784401,
000510.SZ,新金路,2018-02-13,6.61,6.7,6.51,6.54,3028204,
000510.SZ,新金路,2018-02-14,6.6,6.6,6.47,6.56,1367200,
000510.SZ,新金路,2018-02-22,6.7,6.74,6.61,6.69,1832701,
000510.SZ,新金路,2018-02-23,6.7,6.75,6.64,6.68,1820900,
000510.SZ,新金路,2018-02-26,6.68,7.35,6.68,7.19,6615651,
000510.SZ,新金路,2018-02-27,7.14,7.19,7.06,7.12,3636365,
000510.SZ,新金路,2018-02-28,7.07,7.2,6.97,7.1,2583151,
000510.SZ,新金路,2018-03-01,7.08,7.14,7.03,7.09,1884368,
000510.SZ,新金路,2018-03-02,7.11,7.16,7.02,7.1,2774801,
000510.SZ,新金路,2018-03-05,7.1,7.13,7.04,7.11,1510002,
000510.SZ,新金路,2018-03-06,7.08,7.14,7.04,7.14,2614602,
000510.SZ,新金路,2018-03-07,7.19,7.33,7.1,7.1,3793801,
000510.SZ,新金路,2018-03-08,7.15,7.15,7.05,7.11,2214204,
000510.SZ,新金路,2018-03-09,7.09,7.16,7.07,7.15,2770505,
000510.SZ,新金路,2018-03-12,7.17,7.29,7.14,7.28,4969217,
000510.SZ,新金路,2018-03-13,7.22,7.46,7.21,7.26,4060799,
000510.SZ,新金路,2018-03-14,7.26,7.35,7.2,7.21,2453000,
000510.SZ,新金路,2018-03-15,7.16,7.19,7,7.05,4343712,
000510.SZ,新金路,2018-03-16,7.05,7.13,7.02,7.06,1961317,
000510.SZ,新金路,2018-03-19,7.06,7.1,6.98,7.03,2180306,
000510.SZ,新金路,2018-03-20,6.99,6.99,6.75,6.89,3921312,
000510.SZ,新金路,2018-03-21,6.88,6.98,6.81,6.89,2658901,
000510.SZ,新金路,2018-03-22,6.91,6.92,6.75,6.75,2946314,
000510.SZ,新金路,2018-03-23,6.52,6.69,6.12,6.22,6599005,
000510.SZ,新金路,2018-03-26,6.15,6.35,6.02,6.31,3137733,
000510.SZ,新金路,2018-03-27,6.31,6.52,6.31,6.48,3002001,
000510.SZ,新金路,2018-03-28,6.47,6.59,6.38,6.47,2706700,
000510.SZ,新金路,2018-03-29,6.5,6.58,6.42,6.56,3075101,
000510.SZ,新金路,2018-03-30,6.58,6.64,6.53,6.61,2987600,
000510.SZ,新金路,2018-04-02,6.63,6.72,6.56,6.63,2991902,
000510.SZ,新金路,2018-04-03,6.6,6.6,6.34,6.41,3912753,
000510.SZ,新金路,2018-04-04,6.49,6.59,6.44,6.48,3375540,
000510.SZ,新金路,2018-04-09,6.48,6.48,6.3,6.37,3241379,
000510.SZ,新金路,2018-04-10,6.4,6.45,6.33,6.44,3388000,
000510.SZ,新金路,2018-04-11,6.51,6.53,6.38,6.41,3736712,
000510.SZ,新金路,2018-04-12,6.37,6.41,6.29,6.36,4493579,
000510.SZ,新金路,2018-04-13,6.36,6.42,6.18,6.21,4209087,
000510.SZ,新金路,2018-04-16,6.21,6.24,6.12,6.18,2839110,
000510.SZ,新金路,2018-04-17,6.18,6.19,6.04,6.18,4572382,
000510.SZ,新金路,2018-04-18,6.19,6.22,6.04,6.17,3548139,
000510.SZ,新金路,2018-04-19,6.16,6.38,6.12,6.23,4063565,
000510.SZ,新金路,2018-04-20,6.21,6.21,6.07,6.17,3359420,
000510.SZ,新金路,2018-04-23,6.13,6.28,6.06,6.26,5185295,
000510.SZ,新金路,2018-04-24,6.28,6.33,6.23,6.3,4017079,
000510.SZ,新金路,2018-04-25,6.29,6.29,6.14,6.18,4189251,
000510.SZ,新金路,2018-04-26,6.17,6.19,6.06,6.16,4320001,
000510.SZ,新金路,2018-04-27,6.15,6.18,6.07,6.16,3336101,
000510.SZ,新金路,2018-05-02,6.2,6.2,6.08,6.12,2759211,
000510.SZ,新金路,2018-05-03,6.1,6.12,6.03,6.1,4322211,
000510.SZ,新金路,2018-05-04,6.09,6.71,6.07,6.33,12209163,
000510.SZ,新金路,2018-05-07,6.28,6.48,6.27,6.46,8456679,
000510.SZ,新金路,2018-05-08,6.47,6.58,6.4,6.42,7581286,
000510.SZ,新金路,2018-05-09,6.4,6.48,6.38,6.41,3586101,
000510.SZ,新金路,2018-05-10,6.38,6.6,6.38,6.51,7233098,
000510.SZ,新金路,2018-05-11,6.6,6.72,6.43,6.46,7609200,
000510.SZ,新金路,2018-05-14,6.39,6.45,6.16,6.18,9821498,
000510.SZ,新金路,2018-05-15,6.2,6.25,6.17,6.24,3188500,
000510.SZ,新金路,2018-05-16,6.24,6.25,6.15,6.16,4116700,
000510.SZ,新金路,2018-05-17,6.09,6.19,6.07,6.16,3547011,
000510.SZ,新金路,2018-05-18,6.15,6.27,6.12,6.25,4289304,
000510.SZ,新金路,2018-05-21,6.25,6.4,6.25,6.39,5769204,
000510.SZ,新金路,2018-05-22,6.38,6.38,6.29,6.33,3942803,
000510.SZ,新金路,2018-05-23,6.32,6.32,6.16,6.16,3474602,
000510.SZ,新金路,2018-05-24,6.23,6.24,6.14,6.15,2455401,
000510.SZ,新金路,2018-05-25,6.1,6.43,6.1,6.19,5226001,
000510.SZ,新金路,2018-05-28,6.14,6.17,6.07,6.12,3689000,
000510.SZ,新金路,2018-05-29,6.1,6.13,6.08,6.12,2184000,
000510.SZ,新金路,2018-05-30,6.04,6.12,5.9,6.11,6522002,
000510.SZ,新金路,2018-05-31,6.08,6.19,6.06,6.18,3225018,
000510.SZ,新金路,2018-06-01,6.16,6.19,6.06,6.16,2317198,
000510.SZ,新金路,2018-06-04,6.15,6.17,6.08,6.12,1759601,
000510.SZ,新金路,2018-06-05,6.13,6.13,6.07,6.13,1678900,
000510.SZ,新金路,2018-06-06,6.13,6.13,6.06,6.11,2563400,
000510.SZ,新金路,2018-06-07,6.1,6.11,6.01,6.1,3554210,
000510.SZ,新金路,2018-06-08,6.06,6.1,5.99,6.09,2436912,
000510.SZ,新金路,2018-06-11,6.02,6.08,5.98,6.07,2207402,
000510.SZ,新金路,2018-06-12,6.06,6.06,5.99,6.05,2188702,
000510.SZ,新金路,2018-06-13,6.01,6.01,5.91,5.97,2720200,
000510.SZ,新金路,2018-06-14,5.92,5.99,5.85,5.86,1621800,
000510.SZ,新金路,2018-06-15,5.8,5.8,5.31,5.38,5829402,
000510.SZ,新金路,2018-06-19,5.34,5.34,4.84,4.86,5753401,
000510.SZ,新金路,2018-06-20,4.83,4.93,4.71,4.87,3308813,
000510.SZ,新金路,2018-06-21,4.88,4.97,4.68,4.87,5047101,
000510.SZ,新金路,2018-06-22,4.83,4.92,4.75,4.9,2774400,
000510.SZ,新金路,2018-06-25,4.92,4.95,4.86,4.88,1398901,
000510.SZ,新金路,2018-06-26,4.86,4.9,4.5,4.89,6140202,
000510.SZ,新金路,2018-06-27,4.77,4.77,4.6,4.76,7661701,
000510.SZ,新金路,2018-06-28,4.68,4.69,4.55,4.55,3762600,
000510.SZ,新金路,2018-06-29,4.53,4.57,4.28,4.55,8243279,
000510.SZ,新金路,2018-07-02,4.43,4.52,4.36,4.37,3495800,
000510.SZ,新金路,2018-07-03,4.58,4.81,4.51,4.81,17013779,
000510.SZ,新金路,2018-07-04,5,5.29,4.94,5.29,42190350,
000510.SZ,新金路,2018-07-05,5.4,5.41,4.87,4.93,34125226,
000510.SZ,新金路,2018-07-06,4.8,5.27,4.73,4.99,26318464,
000510.SZ,新金路,2018-07-09,4.91,5.49,4.84,5.25,32646152,
000510.SZ,新金路,2018-07-10,5.11,5.55,5.05,5.45,34048297,
000510.SZ,新金路,2018-07-11,5.28,5.44,5.16,5.3,20798859,
000510.SZ,新金路,2018-07-12,5.26,5.44,5.18,5.32,19878336,
000510.SZ,新金路,2018-07-13,5.27,5.28,5.13,5.15,11942101,
000510.SZ,新金路,2018-07-16,5.11,5.18,5.06,5.12,7248185,
000510.SZ,新金路,2018-07-17,5.07,5.38,5.07,5.28,16590521,
000510.SZ,新金路,2018-07-18,5.25,5.71,5.19,5.27,22026409,
000510.SZ,新金路,2018-07-19,5.3,5.3,5.05,5.17,11284833,
000510.SZ,新金路,2018-07-20,5.13,5.24,5.06,5.16,8231902,
000510.SZ,新金路,2018-07-23,5.14,5.26,5.11,5.25,8190999,
000510.SZ,新金路,2018-07-24,5.24,5.34,5.2,5.27,10552110,
000510.SZ,新金路,2018-07-25,5.27,5.28,5.2,5.24,6675401,
000510.SZ,新金路,2018-07-26,5.23,5.43,5.21,5.39,14387889,
000510.SZ,新金路,2018-07-27,5.34,5.38,5.22,5.22,8313801,
000510.SZ,新金路,2018-07-30,5.24,5.24,4.76,4.87,13551333,
000510.SZ,新金路,2018-07-31,4.81,4.91,4.76,4.84,4616612,
000510.SZ,新金路,2018-08-01,4.86,4.94,4.79,4.79,4520300,
000510.SZ,新金路,2018-08-02,4.68,4.75,4.39,4.57,6097822,
000510.SZ,新金路,2018-08-03,4.55,4.62,4.51,4.56,4328135,
000510.SZ,新金路,2018-08-06,4.59,4.62,4.38,4.46,4567901,
000510.SZ,新金路,2018-08-07,4.46,4.91,4.46,4.91,13231633,
000510.SZ,新金路,2018-08-08,5.1,5.4,5.06,5.12,39406818,
000510.SZ,新金路,2018-08-09,4.92,5.22,4.89,5.1,22505957,
000510.SZ,新金路,2018-08-10,5.02,5.1,4.97,5.04,12151269,
000510.SZ,新金路,2018-08-13,4.91,5.01,4.88,5,8641421,
000510.SZ,新金路,2018-08-14,4.96,5.25,4.95,5.14,14011101,
000510.SZ,新金路,2018-08-15,5.07,5.13,4.94,4.96,8248101,
000510.SZ,新金路,2018-08-16,4.87,5.07,4.85,5.03,9714700,
000510.SZ,新金路,2018-08-17,5.12,5.14,4.56,4.69,13798411,
000510.SZ,新金路,2018-08-20,4.7,5.12,4.62,5.04,13615112,
000510.SZ,新金路,2018-08-21,5.01,5.09,4.95,5.03,9821233,
000510.SZ,新金路,2018-08-22,4.98,5.24,4.98,5.12,16962923,
000510.SZ,新金路,2018-08-23,5.17,5.2,4.95,5.08,11903402,
000510.SZ,新金路,2018-08-24,5.1,5.15,5.01,5.03,8568412,
000510.SZ,新金路,2018-08-27,5.01,5.12,5.01,5.1,8267800,
000510.SZ,新金路,2018-08-28,5.07,5.19,5.06,5.09,7657609,
000510.SZ,新金路,2018-08-29,5.09,5.09,4.95,4.98,8741610,
000510.SZ,新金路,2018-08-30,4.99,5.02,4.81,4.85,6259510,
000510.SZ,新金路,2018-08-31,4.83,4.89,4.77,4.83,4255833,
000510.SZ,新金路,2018-09-03,4.83,4.88,4.75,4.86,4054551,
000510.SZ,新金路,2018-09-04,4.81,4.93,4.81,4.88,3893351,
000510.SZ,新金路,2018-09-05,4.88,5.19,4.85,4.96,11484486,
000510.SZ,新金路,2018-09-06,4.92,4.95,4.75,4.83,7202876,
000510.SZ,新金路,2018-09-07,4.82,4.92,4.8,4.82,4778553,
000510.SZ,新金路,2018-09-10,4.83,4.87,4.72,4.72,4298300,
000510.SZ,新金路,2018-09-11,4.73,4.79,4.71,4.77,2739901,
000510.SZ,新金路,2018-09-12,4.77,4.82,4.73,4.75,3477200,
000510.SZ,新金路,2018-09-13,4.81,4.82,4.73,4.77,3796427,
000510.SZ,新金路,2018-09-14,4.81,4.91,4.76,4.79,6588402,
000510.SZ,新金路,2018-09-17,4.75,4.77,4.55,4.62,4662378,
000510.SZ,新金路,2018-09-18,4.62,4.71,4.55,4.63,5470002,
000510.SZ,新金路,2018-09-19,4.63,4.78,4.62,4.71,7211631,
000510.SZ,新金路,2018-09-20,4.72,4.8,4.67,4.67,4973802,
000510.SZ,新金路,2018-09-21,4.69,4.75,4.64,4.72,4895734,
000510.SZ,新金路,2018-09-25,4.71,4.72,4.66,4.71,2606702,
000510.SZ,新金路,2018-09-26,4.74,4.77,4.68,4.69,4904301,
000510.SZ,新金路,2018-09-27,4.68,4.7,4.56,4.57,5628100,
000510.SZ,新金路,2018-09-28,4.58,4.62,4.55,4.6,3144148,
000510.SZ,新金路,2018-10-08,4.51,4.59,4.45,4.47,3478400,
000510.SZ,新金路,2018-10-09,4.5,4.56,4.48,4.53,2948964,
000510.SZ,新金路,2018-10-10,4.58,4.72,4.56,4.61,5060640,
000510.SZ,新金路,2018-10-11,4.38,4.49,4.15,4.18,8765854,
000510.SZ,新金路,2018-10-12,4.15,4.25,3.8,4.18,6661379,
000510.SZ,新金路,2018-10-15,4.24,4.26,4.07,4.08,4392401,
000510.SZ,新金路,2018-10-16,4.03,4.13,3.92,3.97,3835432,
000510.SZ,新金路,2018-10-17,4.05,4.09,3.93,4.04,2648100,
000510.SZ,新金路,2018-10-18,3.97,4.02,3.84,3.88,3572704,
000510.SZ,新金路,2018-10-19,3.83,3.99,3.81,3.98,3775353,
000510.SZ,新金路,2018-10-22,4.04,4.23,4.03,4.19,7191340,
000510.SZ,新金路,2018-10-23,4.19,4.38,4.15,4.21,9764843,
000510.SZ,新金路,2018-10-24,4.13,4.32,4.11,4.22,5572582,
000510.SZ,新金路,2018-10-25,4.05,4.21,4.03,4.19,4830385,
000510.SZ,新金路,2018-10-26,4.27,4.32,4.19,4.21,5833326,
000510.SZ,新金路,2018-10-29,4.19,4.25,4.11,4.15,4240803,
000510.SZ,新金路,2018-10-30,4.12,4.22,4.11,4.18,3436379,
000510.SZ,新金路,2018-10-31,4.21,4.6,4.17,4.41,18966317,
000510.SZ,新金路,2018-11-01,4.34,4.41,4.28,4.31,13914481,
000510.SZ,新金路,2018-11-02,4.33,4.41,4.31,4.38,9484455,
000510.SZ,新金路,2018-11-05,4.37,4.43,4.31,4.38,7561330,
000510.SZ,新金路,2018-11-06,4.37,4.37,4.29,4.36,4806010,
000510.SZ,新金路,2018-11-07,4.36,4.4,4.31,4.31,6933300,
000510.SZ,新金路,2018-11-08,4.36,4.46,4.33,4.35,9979730,
000510.SZ,新金路,2018-11-09,4.33,4.35,4.27,4.29,5123039,
000510.SZ,新金路,2018-11-12,4.28,4.46,4.24,4.44,10575549,
000510.SZ,新金路,2018-11-13,4.36,4.64,4.36,4.55,14890642,
000510.SZ,新金路,2018-11-14,4.55,4.63,4.49,4.54,12006800,
000510.SZ,新金路,2018-11-15,4.52,4.62,4.51,4.59,9835978,
000510.SZ,新金路,2018-11-16,4.6,4.78,4.59,4.64,15176828,
000510.SZ,新金路,2018-11-19,4.68,4.85,4.66,4.71,12496069,
000510.SZ,新金路,2018-11-20,4.64,4.72,4.49,4.51,10787800,
000510.SZ,新金路,2018-11-21,4.49,4.59,4.46,4.58,7016281,
000510.SZ,新金路,2018-11-22,4.61,4.65,4.54,4.56,5818085,
000510.SZ,新金路,2018-11-23,4.56,4.58,4.34,4.42,11198085,
000510.SZ,新金路,2018-11-26,4.44,4.45,4.3,4.33,7010805,
000510.SZ,新金路,2018-11-27,4.34,4.38,4.28,4.36,5326000,
000510.SZ,新金路,2018-11-28,4.37,4.38,4.21,4.36,5922377,
000510.SZ,新金路,2018-11-29,4.38,4.38,4.25,4.25,5700824,
000510.SZ,新金路,2018-11-30,4.24,4.38,4.18,4.38,9028189,
000510.SZ,新金路,2018-12-03,4.4,4.6,4.39,4.5,14921485,
000510.SZ,新金路,2018-12-04,4.4,4.56,4.4,4.52,8712373,
000510.SZ,新金路,2018-12-05,4.41,4.52,4.39,4.49,6880328,
000510.SZ,新金路,2018-12-06,4.49,4.63,4.44,4.46,6867570,
000510.SZ,新金路,2018-12-07,4.46,4.5,4.4,4.47,4218763,
000510.SZ,新金路,2018-12-10,4.42,4.46,4.3,4.33,4216000,
000510.SZ,新金路,2018-12-11,4.36,4.44,4.29,4.44,4766185,
000510.SZ,新金路,2018-12-12,4.43,4.47,4.4,4.4,4369868,
000510.SZ,新金路,2018-12-13,4.43,4.47,4.38,4.43,4971358,
000510.SZ,新金路,2018-12-14,4.41,4.43,4.23,4.25,5845873,
000510.SZ,新金路,2018-12-17,4.26,4.27,4.18,4.24,3402172,
000510.SZ,新金路,2018-12-18,4.19,4.26,4.14,4.24,3180100,
000510.SZ,新金路,2018-12-19,4.24,4.25,4.13,4.14,3121124,
000510.SZ,新金路,2018-12-20,4.13,4.19,4.1,4.16,2893139,
000510.SZ,新金路,2018-12-21,4.15,4.16,4.1,4.12,1951600,
000510.SZ,新金路,2018-12-24,4.12,4.17,4.08,4.1,3887172,
000510.SZ,新金路,2018-12-25,4.05,4.05,3.88,4,7002551,
000510.SZ,新金路,2018-12-26,3.99,4.03,3.98,3.99,2441900,
000510.SZ,新金路,2018-12-27,4.04,4.06,3.9,3.9,3413483,
000510.SZ,新金路,2018-12-28,3.96,3.96,3.89,3.93,2370991,
000510.SZ,新金路,2019-01-02,3.94,3.99,3.91,3.93,2003294,
000510.SZ,新金路,2019-01-03,3.93,3.98,3.9,3.95,2571383,
000510.SZ,新金路,2019-01-04,3.92,4.06,3.87,4.06,6298567,
000510.SZ,新金路,2019-01-07,4.07,4.12,4.04,4.1,5362186,
000510.SZ,新金路,2019-01-08,4.1,4.12,4.06,4.07,3727000,
000510.SZ,新金路,2019-01-09,4.08,4.13,4.06,4.08,5471600,
000510.SZ,新金路,2019-01-10,4.09,4.18,4.06,4.1,5227553,
000510.SZ,新金路,2019-01-11,4.16,4.27,4.12,4.22,11078054,
000510.SZ,新金路,2019-01-14,4.19,4.22,4.15,4.16,5181655,
000510.SZ,新金路,2019-01-15,4.14,4.2,4.14,4.19,3860869,
000510.SZ,新金路,2019-01-16,4.2,4.2,4.13,4.15,3547557,
000510.SZ,新金路,2019-01-17,4.15,4.2,4.12,4.12,5118835,
000510.SZ,新金路,2019-01-18,4.13,4.25,4.13,4.22,10002190,
000510.SZ,新金路,2019-01-21,4.22,4.45,4.17,4.32,15735667,
000510.SZ,新金路,2019-01-22,4.28,4.32,4.2,4.25,9544196,
000510.SZ,新金路,2019-01-23,4.22,4.41,4.21,4.31,11021818,
000510.SZ,新金路,2019-01-24,4.27,4.35,4.23,4.28,7945612,
000510.SZ,新金路,2019-01-25,4.3,4.39,4.23,4.26,11262998,
000510.SZ,新金路,2019-01-28,4.26,4.36,4.22,4.27,7011446,
000510.SZ,新金路,2019-01-29,4.27,4.27,3.97,4.08,10365078,
000510.SZ,新金路,2019-01-30,4.04,4.11,4.02,4.04,4098800,
000510.SZ,新金路,2019-01-31,4.05,4.07,3.92,3.97,5177902,
000510.SZ,新金路,2019-02-01,3.98,4.07,3.98,4.06,3042102,
000510.SZ,新金路,2019-02-11,4.07,4.15,4.07,4.15,5481843,
000510.SZ,新金路,2019-02-12,4.15,4.24,4.13,4.21,5989402,
000510.SZ,新金路,2019-02-13,4.22,4.63,4.18,4.44,22324664,
000510.SZ,新金路,2019-02-14,4.38,4.44,4.35,4.4,11857186,
000510.SZ,新金路,2019-02-15,4.36,4.6,4.34,4.44,16963249,
000510.SZ,新金路,2019-02-18,4.45,4.57,4.4,4.56,18232212,
000510.SZ,新金路,2019-02-19,4.56,4.78,4.49,4.71,23810269,
000510.SZ,新金路,2019-02-20,4.66,4.73,4.56,4.61,13871803,
000510.SZ,新金路,2019-02-21,4.6,4.76,4.58,4.69,23533035,
000510.SZ,新金路,2019-02-22,4.8,4.92,4.71,4.85,28701912,
000510.SZ,新金路,2019-02-25,4.83,5.19,4.76,5.06,28663097,
000510.SZ,新金路,2019-02-26,4.99,5.09,4.94,4.96,20213686,
000510.SZ,新金路,2019-02-27,4.93,5.03,4.76,4.84,15954745,
000510.SZ,新金路,2019-02-28,4.84,4.97,4.84,4.88,8850091,
000510.SZ,新金路,2019-03-01,4.89,4.94,4.84,4.9,7550146,
000510.SZ,新金路,2019-03-04,4.91,5.06,4.91,4.94,16188501,
000510.SZ,新金路,2019-03-05,4.94,5.08,4.9,5.07,18727215,
000510.SZ,新金路,2019-03-06,5.05,5.37,5.01,5.21,27525445,
000510.SZ,新金路,2019-03-07,5.18,5.27,5.14,5.22,23523693,
000510.SZ,新金路,2019-03-08,5.1,5.17,4.86,4.87,19491835,
000510.SZ,新金路,2019-03-11,4.91,5.09,4.91,5.08,12646056,
000510.SZ,新金路,2019-03-12,5.14,5.25,5.05,5.18,17755435,
000510.SZ,新金路,2019-03-13,5.22,5.44,5.09,5.15,25093866,
000510.SZ,新金路,2019-03-14,5.19,5.33,5.08,5.32,24136598,
000510.SZ,新金路,2019-03-15,5.3,5.78,5.26,5.49,50172542,
000510.SZ,新金路,2019-03-18,5.49,5.56,5.37,5.54,25620819,
000510.SZ,新金路,2019-03-19,5.5,5.64,5.44,5.5,17170404,
000510.SZ,新金路,2019-03-20,5.5,5.56,5.27,5.39,16184306,
000510.SZ,新金路,2019-03-21,5.39,5.44,5.33,5.39,14024577,
000510.SZ,新金路,2019-03-22,5.38,5.44,5.3,5.4,11181962,
000510.SZ,新金路,2019-03-25,5.27,5.56,5.24,5.46,21075040,
000510.SZ,新金路,2019-03-26,5.5,5.5,5.2,5.22,15373780,
000510.SZ,新金路,2019-03-27,5.23,5.27,5.13,5.25,8008293,
000510.SZ,新金路,2019-03-28,5.23,5.31,5.15,5.16,8774572,
000510.SZ,新金路,2019-03-29,5.18,5.3,5.12,5.29,10278091,
000510.SZ,新金路,2019-04-01,5.34,5.56,5.32,5.46,23475396,
000510.SZ,新金路,2019-04-02,5.47,5.68,5.4,5.6,28279113,
000510.SZ,新金路,2019-04-03,5.52,5.63,5.51,5.58,18147890,
000510.SZ,新金路,2019-04-04,5.74,5.88,5.62,5.68,28038231,
000510.SZ,新金路,2019-04-08,5.92,5.99,5.7,5.83,31384112,
000510.SZ,新金路,2019-04-09,5.72,5.76,5.56,5.66,19177887,
000510.SZ,新金路,2019-04-10,5.58,5.83,5.54,5.79,19586781,
000510.SZ,新金路,2019-04-11,5.79,5.8,5.57,5.59,15823258,
000510.SZ,新金路,2019-04-12,5.65,5.65,5.48,5.52,13061001,
000510.SZ,新金路,2019-04-15,5.62,5.63,5.49,5.5,10362403,
000510.SZ,新金路,2019-04-16,5.51,5.65,5.45,5.64,12022654,
000510.SZ,新金路,2019-04-17,5.66,5.69,5.6,5.62,13401900,
000510.SZ,新金路,2019-04-18,5.64,5.95,5.6,5.81,27573471,
000510.SZ,新金路,2019-04-19,5.88,6.39,5.74,6.39,50266205,
000510.SZ,新金路,2019-04-22,6.69,6.69,6,6.07,55322161,
000510.SZ,新金路,2019-04-23,6.04,6.1,5.7,5.75,27521667,
000510.SZ,新金路,2019-04-24,5.8,5.97,5.75,5.92,19326345,
000510.SZ,新金路,2019-04-25,5.95,6.15,5.68,5.7,27404544,
000510.SZ,新金路,2019-04-26,5.6,5.67,5.31,5.32,20879003,
000510.SZ,新金路,2019-04-29,5.28,5.36,4.94,5.02,14223651,
000510.SZ,新金路,2019-04-30,5.05,5.2,5.04,5.13,8084224,
000510.SZ,新金路,2019-05-06,5,5.01,4.62,4.66,12377087,
000510.SZ,新金路,2019-05-07,4.67,4.83,4.63,4.77,8941902,
000510.SZ,新金路,2019-05-08,4.68,4.77,4.54,4.66,7971671,
000510.SZ,新金路,2019-05-09,4.65,4.72,4.61,4.62,6574300,
000510.SZ,新金路,2019-05-10,4.65,4.76,4.45,4.75,11093456,
000510.SZ,新金路,2019-05-13,4.7,4.78,4.67,4.74,6859891,
000510.SZ,新金路,2019-05-14,4.68,4.73,4.63,4.66,6136900,
000510.SZ,新金路,2019-05-15,4.7,4.82,4.69,4.79,10172771,
000510.SZ,新金路,2019-05-16,4.78,4.92,4.76,4.9,10498132,
000510.SZ,新金路,2019-05-17,4.99,5,4.67,4.7,10996392,
000510.SZ,新金路,2019-05-20,4.66,4.7,4.55,4.66,5423300,
000510.SZ,新金路,2019-05-21,4.72,4.8,4.67,4.79,7074301,
000510.SZ,新金路,2019-05-22,4.78,4.78,4.65,4.69,6172400,
000510.SZ,新金路,2019-05-23,4.69,4.69,4.54,4.58,5918401,
000510.SZ,新金路,2019-05-24,4.55,4.62,4.53,4.55,4457009,
000510.SZ,新金路,2019-05-27,4.55,4.66,4.53,4.64,7175500,
000510.SZ,新金路,2019-05-28,4.65,4.74,4.62,4.64,6918145,
000510.SZ,新金路,2019-05-29,4.64,4.72,4.62,4.65,6284900,
000510.SZ,新金路,2019-05-30,4.62,4.63,4.54,4.6,5941119,
000510.SZ,新金路,2019-05-31,4.57,4.64,4.53,4.57,4740138,
000510.SZ,新金路,2019-06-03,4.56,4.6,4.45,4.48,5343204,
000510.SZ,新金路,2019-06-04,4.48,4.48,4.25,4.27,7149601,
000510.SZ,新金路,2019-06-05,4.3,4.34,4.2,4.22,5895415,
000510.SZ,新金路,2019-06-06,4.24,4.33,4.16,4.26,7797302,
000510.SZ,新金路,2019-06-10,4.3,4.56,4.22,4.48,11482149,
000510.SZ,新金路,2019-06-11,4.41,4.57,4.41,4.56,9642462,
000510.SZ,新金路,2019-06-12,4.52,4.56,4.47,4.47,6791912,
000510.SZ,新金路,2019-06-13,4.46,4.53,4.43,4.51,4589913,
000510.SZ,新金路,2019-06-14,4.51,4.52,4.36,4.38,5243200,
000510.SZ,新金路,2019-06-17,4.39,4.51,4.38,4.48,5423686,
000510.SZ,新金路,2019-06-18,4.52,4.52,4.43,4.49,3626102,
000510.SZ,新金路,2019-06-19,4.56,4.71,4.55,4.65,11406071,
000510.SZ,新金路,2019-06-20,4.63,4.8,4.59,4.71,11852257,
000510.SZ,新金路,2019-06-21,4.7,4.81,4.68,4.71,12450250,
000510.SZ,新金路,2019-06-24,4.75,4.8,4.71,4.73,6546004,
000510.SZ,新金路,2019-06-25,4.76,4.82,4.61,4.73,9817295,
000510.SZ,新金路,2019-06-26,4.68,4.73,4.61,4.65,5586899,
000510.SZ,新金路,2019-06-27,4.66,4.74,4.65,4.68,4872407,
000510.SZ,新金路,2019-06-28,4.67,4.7,4.55,4.56,5069530,
000510.SZ,新金路,2019-07-01,4.63,4.72,4.62,4.68,5705658,
000510.SZ,新金路,2019-07-02,4.68,4.73,4.66,4.7,5213267,
000510.SZ,新金路,2019-07-03,4.71,4.72,4.59,4.62,4154169,
000510.SZ,新金路,2019-07-04,4.63,4.66,4.6,4.62,3843102,
000510.SZ,新金路,2019-07-05,4.75,5.08,4.71,5.08,34413200,
000510.SZ,新金路,2019-07-08,4.92,5.48,4.85,5.18,60163462,
000510.SZ,新金路,2019-07-09,5.08,5.28,4.95,5.22,34578894,
000510.SZ,新金路,2019-07-10,5.1,5.22,4.97,5.06,21221019,
000510.SZ,新金路,2019-07-11,5.01,5.15,4.94,5.09,18233430,
000510.SZ,新金路,2019-07-12,5.04,5.17,5.02,5.09,15866260,
000510.SZ,新金路,2019-07-15,4.97,5.01,4.84,4.94,17507801,
000510.SZ,新金路,2019-07-16,4.96,4.98,4.86,4.95,11560605,
000510.SZ,新金路,2019-07-17,4.92,4.96,4.9,4.93,9212357,
000510.SZ,新金路,2019-07-18,4.89,4.89,4.69,4.71,13848000,
000510.SZ,新金路,2019-07-19,4.7,4.76,4.65,4.7,8570657,
000510.SZ,新金路,2019-07-22,4.71,4.73,4.23,4.37,12465601,
000510.SZ,新金路,2019-07-23,4.29,4.48,4.29,4.46,7397965,
000510.SZ,新金路,2019-07-24,4.48,4.57,4.45,4.51,9784726,
000510.SZ,新金路,2019-07-25,4.48,4.53,4.43,4.46,6192795,
000510.SZ,新金路,2019-07-26,4.45,4.57,4.36,4.55,9139500,
000510.SZ,新金路,2019-07-29,4.53,4.56,4.46,4.49,5885989,
000510.SZ,新金路,2019-07-30,4.49,4.52,4.44,4.46,4160850,
000510.SZ,新金路,2019-07-31,4.47,4.49,4.38,4.4,4398824,
000510.SZ,新金路,2019-08-01,4.4,4.43,4.34,4.36,4209300,
000510.SZ,新金路,2019-08-02,4.24,4.31,4.21,4.26,6538602,
000510.SZ,新金路,2019-08-05,4.25,4.25,4.07,4.09,7861470,
000510.SZ,新金路,2019-08-06,4,4.08,3.9,4.03,9826965,
000510.SZ,新金路,2019-08-07,4.04,4.11,4.04,4.07,5301100,
000510.SZ,新金路,2019-08-08,4.08,4.13,4.08,4.09,3949400,
000510.SZ,新金路,2019-08-09,4.08,4.14,4,4.04,4592901,
000510.SZ,新金路,2019-08-12,4.08,4.08,4.01,4.06,4524900,
000510.SZ,新金路,2019-08-13,4.02,4.04,3.96,4,5776212,
000510.SZ,新金路,2019-08-14,4.04,4.2,4.03,4.11,12095701,
000510.SZ,新金路,2019-08-15,3.96,4.08,3.93,4.07,7873159,
000510.SZ,新金路,2019-08-16,4.08,4.14,4.04,4.09,7027120,
000510.SZ,新金路,2019-08-19,4.08,4.22,4.08,4.21,9754041,
000510.SZ,新金路,2019-08-20,4.27,4.27,4.16,4.2,6441500,
000510.SZ,新金路,2019-08-21,4.2,4.24,4.17,4.18,6060194,
000510.SZ,新金路,2019-08-22,4.17,4.2,4.12,4.19,6959042,
000510.SZ,新金路,2019-08-23,4.16,4.2,4.11,4.13,7142443,
000510.SZ,新金路,2019-08-26,4.04,4.08,4.01,4.06,4920752,
000510.SZ,新金路,2019-08-27,4.07,4.16,4.07,4.13,6991001,
000510.SZ,新金路,2019-08-28,4.12,4.17,4.1,4.16,5990100,
000510.SZ,新金路,2019-08-29,4.16,4.18,4.13,4.14,3629570,
000510.SZ,新金路,2019-08-30,4.15,4.17,4.03,4.04,6858601,
000510.SZ,新金路,2019-09-02,4.05,4.12,4.03,4.11,5034701,
000510.SZ,新金路,2019-09-03,4.1,4.15,4.08,4.13,4916243,
000510.SZ,新金路,2019-09-04,4.12,4.2,4.1,4.19,10923109,
000510.SZ,新金路,2019-09-05,4.21,4.27,4.18,4.23,10580917,
000510.SZ,新金路,2019-09-06,4.28,4.33,4.2,4.24,7941509,
000510.SZ,新金路,2019-09-09,4.27,4.32,4.24,4.3,7937011,
000510.SZ,新金路,2019-09-10,4.3,4.35,4.27,4.3,6834010,
000510.SZ,新金路,2019-09-11,4.32,4.36,4.29,4.3,6583244,
000510.SZ,新金路,2019-09-12,4.3,4.38,4.27,4.34,7076884,
000510.SZ,新金路,2019-09-16,4.33,4.37,4.32,4.33,6229945,
000510.SZ,新金路,2019-09-17,4.35,4.37,4.17,4.2,7202896,
000510.SZ,新金路,2019-09-18,4.21,4.24,4.18,4.2,5042847,
000510.SZ,新金路,2019-09-19,4.23,4.24,4.15,4.22,4597701,
000510.SZ,新金路,2019-09-20,4.22,4.26,4.21,4.22,4669201,
000510.SZ,新金路,2019-09-23,4.25,4.25,4.12,4.14,5535285,
000510.SZ,新金路,2019-09-24,4.15,4.19,4.12,4.14,4474895,
000510.SZ,新金路,2019-09-25,4.1,4.12,4.04,4.04,6206154,
000510.SZ,新金路,2019-09-26,4.04,4.07,3.97,3.99,5538809,
000510.SZ,新金路,2019-09-27,3.98,4.04,3.97,4.01,3719245,
000510.SZ,新金路,2019-09-30,4.02,4.02,3.95,3.96,3182200,
000510.SZ,新金路,2019-10-08,3.97,4,3.9,3.93,3126842,
000510.SZ,新金路,2019-10-09,3.91,4,3.91,4,2857374,
000510.SZ,新金路,2019-10-10,4.01,4.04,3.97,4.02,2841701,
000510.SZ,新金路,2019-10-11,4.02,4.08,3.98,4.06,4478300,
000510.SZ,新金路,2019-10-14,4.07,4.12,4.03,4.1,4624111,
000510.SZ,新金路,2019-10-15,4.09,4.1,4.02,4.02,3323008,
000510.SZ,新金路,2019-10-16,4.05,4.06,3.98,3.98,2990000,
000510.SZ,新金路,2019-10-17,4.01,4.04,3.96,3.97,2700294,
000510.SZ,新金路,2019-10-18,4,4.01,3.91,3.93,3476600,
000510.SZ,新金路,2019-10-21,3.95,3.97,3.88,3.95,2889051,
000510.SZ,新金路,2019-10-22,3.96,4.02,3.92,4,3726003,
000510.SZ,新金路,2019-10-23,4.01,4.02,3.92,3.94,5119313,
000510.SZ,新金路,2019-10-24,3.94,3.95,3.91,3.93,2873650,
000510.SZ,新金路,2019-10-25,3.94,3.96,3.88,3.95,3786150,
000510.SZ,新金路,2019-10-28,3.95,4.01,3.92,4.01,4566011,
000510.SZ,新金路,2019-10-29,4,4.02,3.91,3.92,4763610,
000510.SZ,新金路,2019-10-30,3.92,3.93,3.85,3.85,5278409,
000510.SZ,新金路,2019-10-31,3.86,3.87,3.77,3.78,3293000,
000510.SZ,新金路,2019-11-01,3.78,3.85,3.76,3.82,2970601,
000510.SZ,新金路,2019-11-04,3.83,3.84,3.79,3.81,2461271,
000510.SZ,新金路,2019-11-05,3.81,3.82,3.74,3.8,3121800,
000510.SZ,新金路,2019-11-06,3.78,3.82,3.77,3.78,2445771,
000510.SZ,新金路,2019-11-07,3.78,3.84,3.76,3.79,2327381,
000510.SZ,新金路,2019-11-08,3.81,3.9,3.8,3.86,4442453,
000510.SZ,新金路,2019-11-11,3.86,3.88,3.78,3.88,6213477,
000510.SZ,新金路,2019-11-12,3.86,3.87,3.79,3.86,3692815,
000510.SZ,新金路,2019-11-13,3.83,3.85,3.78,3.79,2804202,
000510.SZ,新金路,2019-11-14,3.8,3.87,3.8,3.83,4122846,
000510.SZ,新金路,2019-11-15,3.82,3.82,3.75,3.78,3572343,
000510.SZ,新金路,2019-11-18,3.78,3.79,3.74,3.76,2299591,
000510.SZ,新金路,2019-11-19,3.76,3.79,3.71,3.79,3324539,
000510.SZ,新金路,2019-11-20,3.79,3.79,3.73,3.73,2816887,
000510.SZ,新金路,2019-11-21,3.73,3.77,3.72,3.74,2297291,
000510.SZ,新金路,2019-11-22,3.74,3.86,3.73,3.79,4920246,
000510.SZ,新金路,2019-11-25,3.79,3.79,3.7,3.76,4019100,
000510.SZ,新金路,2019-11-26,3.77,3.8,3.74,3.77,2949043,
000510.SZ,新金路,2019-11-27,3.77,3.8,3.74,3.78,3691200,
000510.SZ,新金路,2019-11-28,3.78,3.98,3.74,3.86,9467437,
000510.SZ,新金路,2019-11-29,3.87,3.93,3.81,3.84,4255692,
000510.SZ,新金路,2019-12-02,3.82,3.88,3.81,3.88,4322680,
000510.SZ,新金路,2019-12-03,3.86,3.91,3.84,3.9,4782290,
000510.SZ,新金路,2019-12-04,3.9,3.9,3.85,3.87,3631599,
000510.SZ,新金路,2019-12-05,3.88,3.94,3.86,3.9,5291844,
000510.SZ,新金路,2019-12-06,3.9,3.91,3.85,3.86,3248001,
000510.SZ,新金路,2019-12-09,3.88,3.9,3.83,3.88,4255801,
000510.SZ,新金路,2019-12-10,3.88,3.98,3.86,3.96,9135735,
000510.SZ,新金路,2019-12-11,3.94,3.95,3.86,3.88,6178797,
000510.SZ,新金路,2019-12-12,3.88,3.88,3.83,3.83,3415300,
000510.SZ,新金路,2019-12-13,3.85,3.88,3.83,3.88,5832024,
000510.SZ,新金路,2019-12-16,3.88,3.92,3.85,3.91,5030000,
000510.SZ,新金路,2019-12-17,3.89,3.97,3.89,3.96,9423476,
000510.SZ,新金路,2019-12-18,3.96,3.97,3.93,3.94,6293545,
000510.SZ,新金路,2019-12-19,3.95,4.02,3.93,4.01,7633348,
000510.SZ,新金路,2019-12-20,4.02,4.02,3.93,3.93,5876951,
000510.SZ,新金路,2019-12-23,3.94,3.95,3.86,3.86,5652800,
000510.SZ,新金路,2019-12-24,3.98,4.25,3.98,4.25,13707349,
000510.SZ,新金路,2019-12-25,4.26,4.65,4.19,4.36,55860689,
000510.SZ,新金路,2019-12-26,4.21,4.33,4.13,4.3,32272033,
000510.SZ,新金路,2019-12-27,4.25,4.35,4.2,4.22,25563216,
000510.SZ,新金路,2019-12-30,4.15,4.18,4.04,4.14,16678313,
000510.SZ,新金路,2019-12-31,4.12,4.17,4.1,4.16,9894658,
000510.SZ,新金路,2020-01-02,4.21,4.27,4.16,4.22,16428601,
000510.SZ,新金路,2020-01-03,4.23,4.23,4.15,4.17,12108344,
000510.SZ,新金路,2020-01-06,4.11,4.25,4.11,4.24,13806303,
000510.SZ,新金路,2020-01-07,4.22,4.29,4.19,4.29,15937308,
000510.SZ,新金路,2020-01-08,4.58,4.72,4.57,4.72,20236716,
000510.SZ,新金路,2020-01-09,4.88,5.19,4.82,4.83,81218118,
000510.SZ,新金路,2020-01-10,4.61,4.7,4.54,4.62,38265923,
000510.SZ,新金路,2020-01-13,4.56,4.56,4.38,4.5,24352681,
000510.SZ,新金路,2020-01-14,4.47,4.89,4.47,4.71,37358282,
000510.SZ,新金路,2020-01-15,4.7,4.7,4.55,4.61,17799101,
000510.SZ,新金路,2020-01-16,4.59,4.62,4.52,4.56,11847800,
000510.SZ,新金路,2020-01-17,4.6,4.64,4.4,4.41,12915202,
000510.SZ,新金路,2020-01-20,4.37,4.43,4.3,4.39,10310304,
000510.SZ,新金路,2020-01-21,4.36,4.39,4.22,4.23,10341103,
000510.SZ,新金路,2020-01-22,4.23,4.27,4.09,4.22,8878610,
000510.SZ,新金路,2020-01-23,4.2,4.24,4.01,4.09,10078700,
000510.SZ,新金路,2020-02-03,3.68,3.68,3.68,3.68,4114500,
000510.SZ,新金路,2020-02-04,3.34,3.68,3.33,3.61,16900851,
000510.SZ,新金路,2020-02-05,3.65,3.82,3.62,3.73,13776656,
000510.SZ,新金路,2020-02-06,3.74,3.95,3.71,3.92,14633711,
000510.SZ,新金路,2020-02-07,3.94,4.18,3.94,4.09,18091347,
000510.SZ,新金路,2020-02-10,4.12,4.18,4,4.05,14729222,
000510.SZ,新金路,2020-02-11,4.02,4.04,3.91,3.93,11356397,
000510.SZ,新金路,2020-02-12,3.95,4.04,3.9,4.02,9986401,
000510.SZ,新金路,2020-02-13,4,4.02,3.9,3.91,7833615,
000510.SZ,新金路,2020-02-14,3.95,3.97,3.87,3.93,7918863,
000510.SZ,新金路,2020-02-17,3.94,4.04,3.92,4.03,11956373,
000510.SZ,新金路,2020-02-18,4.05,4.2,4,4.13,16264947,
000510.SZ,新金路,2020-02-19,4.12,4.29,4.08,4.23,21797022,
000510.SZ,新金路,2020-02-20,4.22,4.43,4.11,4.31,25136107,
000510.SZ,新金路,2020-02-21,4.43,4.74,4.36,4.74,19916480,
000510.SZ,新金路,2020-02-24,4.96,4.96,4.59,4.72,61842200,
000510.SZ,新金路,2020-02-25,4.36,4.6,4.26,4.56,42534060,
000510.SZ,新金路,2020-02-26,4.37,4.74,4.34,4.48,29153069,
000510.SZ,新金路,2020-02-27,4.5,4.73,4.35,4.67,32393411,
000510.SZ,新金路,2020-02-28,4.8,5.14,4.67,5.14,106048170,
000510.SZ,新金路,2020-03-02,5.1,5.38,4.63,5.07,111660555,
000510.SZ,新金路,2020-03-03,4.91,5.19,4.86,4.97,69031519,
000510.SZ,新金路,2020-03-04,4.81,4.87,4.74,4.85,40773062,
000510.SZ,新金路,2020-03-05,4.9,4.9,4.7,4.71,40552136,
000510.SZ,新金路,2020-03-06,4.62,4.84,4.52,4.69,38823057,
000510.SZ,新金路,2020-03-09,4.6,4.6,4.42,4.43,26040603,
000510.SZ,新金路,2020-03-10,4.28,4.53,4.24,4.5,21809402,
000510.SZ,新金路,2020-03-11,4.47,4.56,4.4,4.41,15414004,
000510.SZ,新金路,2020-03-12,4.32,4.39,4.26,4.32,12275341,
000510.SZ,新金路,2020-03-13,4.1,4.26,4.02,4.21,15063349,
000510.SZ,新金路,2020-03-16,4.27,4.38,4.11,4.16,16068487,
000510.SZ,新金路,2020-03-17,4.17,4.25,3.89,4.09,12009972,
000510.SZ,新金路,2020-03-18,4.15,4.18,4,4,8970282,
000510.SZ,新金路,2020-03-19,3.95,4.06,3.91,4.02,9115707,
000510.SZ,新金路,2020-03-20,4.05,4.12,4.02,4.1,7454234,
000510.SZ,新金路,2020-03-23,4.02,4.03,3.92,3.92,8536900,
000510.SZ,新金路,2020-03-24,4,4.08,3.93,4.04,8137365,
000510.SZ,新金路,2020-03-25,4.11,4.15,4.06,4.12,8514846,
000510.SZ,新金路,2020-03-26,4.08,4.14,4.06,4.07,6655310,
000510.SZ,新金路,2020-03-27,4.12,4.15,4.03,4.03,5708701,
000510.SZ,新金路,2020-03-30,3.95,3.97,3.83,3.9,7811831,
000510.SZ,新金路,2020-03-31,3.91,3.95,3.85,3.85,4344900,
000510.SZ,新金路,2020-04-01,3.86,3.91,3.8,3.85,5086701,
000510.SZ,新金路,2020-04-02,3.86,4.2,3.8,4.03,12616915,
000510.SZ,新金路,2020-04-03,3.98,4.03,3.93,3.95,6874313,
000510.SZ,新金路,2020-04-07,3.99,4.08,3.99,4.05,6828609,
000510.SZ,新金路,2020-04-08,4.08,4.17,4.03,4.12,10213104,
000510.SZ,新金路,2020-04-09,4.14,4.15,4.08,4.09,7437686,
000510.SZ,新金路,2020-04-10,4.1,4.11,3.95,3.97,6696349,
000510.SZ,新金路,2020-04-13,3.97,3.98,3.92,3.94,3624965,
000510.SZ,新金路,2020-04-14,3.94,4.05,3.94,4.05,4901660,
000510.SZ,新金路,2020-04-15,4.03,4.05,3.98,3.99,4210606,
000510.SZ,新金路,2020-04-16,3.96,4.02,3.93,3.98,5263952,
000510.SZ,新金路,2020-04-17,4.01,4.08,3.97,4.08,10270662,
000510.SZ,新金路,2020-04-20,4.08,4.26,4.03,4.17,15726226,
000510.SZ,新金路,2020-04-21,4.12,4.31,4.11,4.25,19103905,
000510.SZ,新金路,2020-04-22,4.27,4.3,4.15,4.19,13366927,
000510.SZ,新金路,2020-04-23,4.15,4.27,4.1,4.18,12573161,
000510.SZ,新金路,2020-04-24,4.15,4.17,4,4.02,9265110,
000510.SZ,新金路,2020-04-27,4.01,4.04,3.93,3.93,6319700,
000510.SZ,新金路,2020-04-28,3.93,3.96,3.72,3.82,6581200,
000510.SZ,新金路,2020-04-29,3.84,3.87,3.79,3.8,4351100,
000510.SZ,新金路,2020-04-30,3.86,4,3.84,3.97,6504408,
000510.SZ,新金路,2020-05-06,3.92,4.05,3.87,4.04,5253416,
000510.SZ,新金路,2020-05-07,4.05,4.06,3.98,3.98,4741401,
000510.SZ,新金路,2020-05-08,3.98,4.05,3.98,4.04,5058300,
000510.SZ,新金路,2020-05-11,4.05,4.07,3.98,4,5919201,
000510.SZ,新金路,2020-05-12,4.01,4.03,3.94,3.97,4835013,
000510.SZ,新金路,2020-05-13,3.97,4.29,3.94,4.2,20171281,
000510.SZ,新金路,2020-05-14,4.12,4.19,4.08,4.09,13787166,
000510.SZ,新金路,2020-05-15,4.08,4.21,4.07,4.16,13791041,
000510.SZ,新金路,2020-05-18,4.15,4.2,4.1,4.17,10079592,
000510.SZ,新金路,2020-05-19,4.19,4.23,4.12,4.14,7622511,
000510.SZ,新金路,2020-05-20,4.12,4.13,4.05,4.1,7903800,
000510.SZ,新金路,2020-05-21,4.11,4.24,4.08,4.1,11389549,
000510.SZ,新金路,2020-05-22,4.05,4.08,3.95,3.99,11056100,
000510.SZ,新金路,2020-05-25,3.98,3.98,3.91,3.95,3687553,
000510.SZ,新金路,2020-05-26,3.98,4.01,3.97,4,4616484,
000510.SZ,新金路,2020-05-27,4.01,4.14,3.99,4.06,10881383,
000510.SZ,新金路,2020-05-28,4.04,4.06,3.9,4,8941805,
000510.SZ,新金路,2020-05-29,3.95,4.03,3.95,3.99,5453581,
000510.SZ,新金路,2020-06-01,3.99,4.09,3.99,4.08,7607580,
000510.SZ,新金路,2020-06-02,4.1,4.13,4.06,4.13,8720656,
000510.SZ,新金路,2020-06-03,4.13,4.15,4.06,4.07,7704800,
000510.SZ,新金路,2020-06-04,4.09,4.15,4.07,4.14,7864702,
000510.SZ,新金路,2020-06-05,4.12,4.12,4.06,4.08,7175103,
000510.SZ,新金路,2020-06-08,4.09,4.15,4.07,4.15,8208634,
000510.SZ,新金路,2020-06-09,4.12,4.28,4.09,4.21,16448413,
000510.SZ,新金路,2020-06-10,4.17,4.19,4.11,4.13,10284889,
000510.SZ,新金路,2020-06-11,4.1,4.13,4.06,4.07,8386792,
000510.SZ,新金路,2020-06-12,4,4.09,3.96,4.07,6455800,
000510.SZ,新金路,2020-06-15,4.08,4.14,4.06,4.1,6145002,
000510.SZ,新金路,2020-06-16,4.1,4.22,4.1,4.16,11210091,
000510.SZ,新金路,2020-06-17,4.14,4.15,4.09,4.12,7379548,
000510.SZ,新金路,2020-06-18,4.13,4.17,4.1,4.14,8301626,
000510.SZ,新金路,2020-06-19,4.15,4.2,4.14,4.17,9508202,
000510.SZ,新金路,2020-06-22,4.18,4.19,4.13,4.15,7525406,
000510.SZ,新金路,2020-06-23,4.26,4.57,4.2,4.34,40484283,
000510.SZ,新金路,2020-06-24,4.36,4.7,4.25,4.58,49504465,
000510.SZ,新金路,2020-06-29,4.49,4.59,4.39,4.4,29035514,
000510.SZ,新金路,2020-06-30,4.42,4.5,4.36,4.4,21135674,
000510.SZ,新金路,2020-07-01,4.41,4.57,4.31,4.45,22095155,
000510.SZ,新金路,2020-07-02,4.4,4.52,4.35,4.51,21883216,
000510.SZ,新金路,2020-07-03,4.49,4.73,4.41,4.61,32129762,
000510.SZ,新金路,2020-07-06,4.61,4.84,4.56,4.75,35593866,
000510.SZ,新金路,2020-07-07,4.75,5.11,4.67,4.92,46029251,
000510.SZ,新金路,2020-07-08,4.84,4.93,4.8,4.88,30886741,
000510.SZ,新金路,2020-07-09,4.88,4.92,4.77,4.91,30924645,
000510.SZ,新金路,2020-07-10,4.85,4.86,4.68,4.72,25030927,
000510.SZ,新金路,2020-07-13,4.73,4.9,4.73,4.9,23099826,
000510.SZ,新金路,2020-07-14,4.94,5.01,4.79,4.9,26184008,
000510.SZ,新金路,2020-07-15,4.94,5.39,4.91,5.39,78686553,
000510.SZ,新金路,2020-07-16,5.02,5.14,4.85,4.85,68999280,
000510.SZ,新金路,2020-07-17,4.66,4.77,4.43,4.53,30733219,
000510.SZ,新金路,2020-07-20,4.51,4.72,4.5,4.72,19367022,
000510.SZ,新金路,2020-07-21,4.68,4.75,4.59,4.64,16578094,
000510.SZ,新金路,2020-07-22,4.62,4.78,4.59,4.7,20274126,
000510.SZ,新金路,2020-07-23,4.71,4.71,4.47,4.6,17398048,
000510.SZ,新金路,2020-07-24,4.57,4.61,4.34,4.34,17452900,
000510.SZ,新金路,2020-07-27,4.38,4.47,4.32,4.43,10288401,
000510.SZ,新金路,2020-07-28,4.43,4.52,4.4,4.47,8755518,
000510.SZ,新金路,2020-07-29,4.42,4.58,4.41,4.58,10057500,
000510.SZ,新金路,2020-07-30,4.6,4.68,4.56,4.58,12574518,
000510.SZ,新金路,2020-07-31,4.55,4.65,4.53,4.63,11565760,
000510.SZ,新金路,2020-08-03,4.69,4.75,4.64,4.75,16706091,
000510.SZ,新金路,2020-08-04,4.77,4.9,4.74,4.75,19520301,
000510.SZ,新金路,2020-08-05,4.73,4.82,4.66,4.82,15134193,
000510.SZ,新金路,2020-08-06,4.83,4.84,4.64,4.76,13661301,
000510.SZ,新金路,2020-08-07,4.77,4.77,4.56,4.64,10979528,
000510.SZ,新金路,2020-08-10,4.65,4.73,4.59,4.68,8429370,
000510.SZ,新金路,2020-08-11,4.68,4.95,4.63,4.79,31884278,
000510.SZ,新金路,2020-08-12,4.73,5.06,4.66,5.03,39538676,
000510.SZ,新金路,2020-08-13,4.9,5.04,4.87,4.97,29419401,
000510.SZ,新金路,2020-08-14,4.92,4.93,4.76,4.86,18065407,
000510.SZ,新金路,2020-08-17,4.9,4.91,4.7,4.77,34170474,
000510.SZ,新金路,2020-08-18,4.69,4.82,4.62,4.8,26661820,
000510.SZ,新金路,2020-08-19,4.76,4.77,4.62,4.63,20259716,
000510.SZ,新金路,2020-08-20,4.62,4.64,4.54,4.56,12512102,
000510.SZ,新金路,2020-08-21,4.57,4.61,4.49,4.56,12131680,
000510.SZ,新金路,2020-08-24,4.56,4.64,4.51,4.59,9691902,
000510.SZ,新金路,2020-08-25,4.59,4.61,4.52,4.55,8400621,
000510.SZ,新金路,2020-08-26,4.57,4.57,4.39,4.42,10142106,
000510.SZ,新金路,2020-08-27,4.42,4.48,4.37,4.46,6780396,
000510.SZ,新金路,2020-08-28,4.46,4.5,4.42,4.5,6260332,
000510.SZ,新金路,2020-08-31,4.51,4.56,4.49,4.5,6846204,
000510.SZ,新金路,2020-09-01,4.5,4.54,4.41,4.54,8173394,
000510.SZ,新金路,2020-09-02,4.53,4.56,4.44,4.54,10543901,
000510.SZ,新金路,2020-09-03,4.53,4.57,4.45,4.46,7888100,
000510.SZ,新金路,2020-09-04,4.39,4.47,4.36,4.46,7178900,
000510.SZ,新金路,2020-09-07,4.45,4.57,4.43,4.47,10270512,
000510.SZ,新金路,2020-09-08,4.45,4.56,4.44,4.55,7589991,
000510.SZ,新金路,2020-09-09,4.5,4.65,4.49,4.57,12773025,
000510.SZ,新金路,2020-09-10,4.59,4.6,4.37,4.38,10344401,
000510.SZ,新金路,2020-09-11,4.34,4.41,4.3,4.38,5546103,
000510.SZ,新金路,2020-09-14,4.38,4.45,4.38,4.41,4117055,
000510.SZ,新金路,2020-09-15,4.36,4.36,4.22,4.29,11441600,
000510.SZ,新金路,2020-09-16,4.33,4.33,4.21,4.24,4398056,
000510.SZ,新金路,2020-09-17,4.24,4.27,4.2,4.26,4047091,
000510.SZ,新金路,2020-09-18,4.25,4.36,4.24,4.34,5456357,
000510.SZ,新金路,2020-09-21,4.33,4.41,4.32,4.35,3991854,
000510.SZ,新金路,2020-09-22,4.33,4.58,4.31,4.42,14121104,
000510.SZ,新金路,2020-09-23,4.42,4.53,4.4,4.42,8859099,
000510.SZ,新金路,2020-09-24,4.39,4.4,4.27,4.28,4714862,
000510.SZ,新金路,2020-09-25,4.32,4.32,4.24,4.27,2481000,
000510.SZ,新金路,2020-09-28,4.3,4.31,4.22,4.23,2587500,
000510.SZ,新金路,2020-09-29,4.27,4.34,4.23,4.28,2861352,
000510.SZ,新金路,2020-09-30,4.31,4.32,4.26,4.31,2685600,
000510.SZ,新金路,2020-10-09,4.32,4.42,4.32,4.39,4201111,
000510.SZ,新金路,2020-10-12,4.39,4.5,4.38,4.49,6997980,
000510.SZ,新金路,2020-10-13,4.47,4.51,4.43,4.47,4572346,
000510.SZ,新金路,2020-10-14,4.47,4.47,4.39,4.4,3365201,
000510.SZ,新金路,2020-10-15,4.4,4.44,4.35,4.35,3189300,
000510.SZ,新金路,2020-10-16,4.36,4.37,4.31,4.36,3746643,
000510.SZ,新金路,2020-10-19,4.37,4.46,4.34,4.35,3890500,
000510.SZ,新金路,2020-10-20,4.33,4.34,4.29,4.34,3437800,
000510.SZ,新金路,2020-10-21,4.32,4.32,4.24,4.29,4727498,
000510.SZ,新金路,2020-10-22,4.31,4.31,4.23,4.25,3342901,
000510.SZ,新金路,2020-10-23,4.25,4.28,4.22,4.22,2877700,
000510.SZ,新金路,2020-10-26,4.21,4.24,4.16,4.18,3460200,
000510.SZ,新金路,2020-10-27,4.16,4.24,4.12,4.23,4182927,
000510.SZ,新金路,2020-10-28,4.25,4.25,4.17,4.2,3907504,
000510.SZ,新金路,2020-10-29,4.18,4.29,4.15,4.27,8797022,
000510.SZ,新金路,2020-10-30,4.24,4.29,4.16,4.17,4337394,
000510.SZ,新金路,2020-11-02,4.17,4.22,4.13,4.18,3079206,
000510.SZ,新金路,2020-11-03,4.22,4.44,4.19,4.37,11179685,
000510.SZ,新金路,2020-11-04,4.37,4.41,4.34,4.36,4730502,
000510.SZ,新金路,2020-11-05,4.37,4.44,4.37,4.42,7144112,
000510.SZ,新金路,2020-11-06,4.42,4.51,4.39,4.46,11564808,
000510.SZ,新金路,2020-11-09,4.46,4.51,4.44,4.49,8663525,
000510.SZ,新金路,2020-11-10,4.49,4.6,4.45,4.47,12683700,
000510.SZ,新金路,2020-11-11,4.45,4.64,4.44,4.55,11666424,
000510.SZ,新金路,2020-11-12,4.52,4.57,4.49,4.54,5261613,
000510.SZ,新金路,2020-11-13,4.54,4.58,4.5,4.53,4747301,
000510.SZ,新金路,2020-11-16,4.54,4.86,4.54,4.71,19355930,
000510.SZ,新金路,2020-11-17,4.7,4.83,4.67,4.76,13465442,
000510.SZ,新金路,2020-11-18,4.75,4.92,4.7,4.83,15868300,
000510.SZ,新金路,2020-11-19,4.78,4.9,4.72,4.81,12369100,
000510.SZ,新金路,2020-11-20,4.8,4.86,4.71,4.8,9708094,
000510.SZ,新金路,2020-11-23,4.81,4.91,4.77,4.81,13837602,
000510.SZ,新金路,2020-11-24,4.81,4.84,4.72,4.78,10619317,
000510.SZ,新金路,2020-11-25,4.83,4.85,4.66,4.69,11406306,
000510.SZ,新金路,2020-11-26,4.71,4.74,4.54,4.57,12637032,
000510.SZ,新金路,2020-11-27,4.6,4.6,4.45,4.56,9448104,
000510.SZ,新金路,2020-11-30,4.57,4.6,4.48,4.48,6837402,
000510.SZ,新金路,2020-12-01,4.44,4.54,4.43,4.51,6563227,
000510.SZ,新金路,2020-12-02,4.52,4.58,4.47,4.53,6549794,
000510.SZ,新金路,2020-12-03,4.53,4.57,4.5,4.52,4688811,
000510.SZ,新金路,2020-12-04,4.58,4.58,4.49,4.53,5031753,
000510.SZ,新金路,2020-12-07,4.43,4.55,4.41,4.47,8461701,
000510.SZ,新金路,2020-12-08,4.45,4.49,4.4,4.41,5435300,
000510.SZ,新金路,2020-12-09,4.39,4.5,4.33,4.39,10741625,
000510.SZ,新金路,2020-12-10,4.42,4.46,4.33,4.34,9046001,
000510.SZ,新金路,2020-12-11,4.32,4.37,4.24,4.28,5855000,
000510.SZ,新金路,2020-12-14,4.29,4.3,4.18,4.24,8212898,
000510.SZ,新金路,2020-12-15,4.24,4.27,4.18,4.23,4649417,
000510.SZ,新金路,2020-12-16,4.24,4.26,4.17,4.23,6199126,
000510.SZ,新金路,2020-12-17,4.25,4.32,4.15,4.26,7597723,
000510.SZ,新金路,2020-12-18,4.27,4.3,4.24,4.28,6151800,
000510.SZ,新金路,2020-12-21,4.28,4.43,4.26,4.41,10012204,
000510.SZ,新金路,2020-12-22,4.41,4.57,4.35,4.35,10614619,
000510.SZ,新金路,2020-12-23,4.35,4.71,4.35,4.63,20582316,
000510.SZ,新金路,2020-12-24,4.64,4.69,4.55,4.61,9842888,
000510.SZ,新金路,2020-12-25,4.6,4.64,4.56,4.63,6596803,
000510.SZ,新金路,2020-12-28,4.6,4.77,4.6,4.71,16069602,
000510.SZ,新金路,2020-12-29,4.71,4.82,4.61,4.7,15356021,
000510.SZ,新金路,2020-12-30,4.79,4.79,4.56,4.58,8431999,
000510.SZ,新金路,2020-12-31,4.55,4.76,4.55,4.67,10688334,
000510.SZ,新金路,2021-01-04,4.67,4.72,4.63,4.64,9891702,
000510.SZ,新金路,2021-01-05,4.63,4.63,4.5,4.57,10522801,
000510.SZ,新金路,2021-01-06,4.57,4.73,4.54,4.6,12007303,
000510.SZ,新金路,2021-01-07,4.59,4.63,4.42,4.48,8449205,
000510.SZ,新金路,2021-01-08,4.46,4.54,4.32,4.36,10475502,
000510.SZ,新金路,2021-01-11,4.37,4.38,4.22,4.23,8518700,
000510.SZ,新金路,2021-01-12,4.21,4.33,4.2,4.27,5572332,
000510.SZ,新金路,2021-01-13,4.3,4.31,4.21,4.25,5818631,
000510.SZ,新金路,2021-01-14,4.23,4.29,4.2,4.25,4910218,
000510.SZ,新金路,2021-01-15,4.25,4.4,4.23,4.38,8091378,
000510.SZ,新金路,2021-01-18,4.62,4.62,4.24,4.32,17339269,
000510.SZ,新金路,2021-01-19,4.3,4.41,4.21,4.32,10267657,
000510.SZ,新金路,2021-01-20,4.35,4.35,4.24,4.26,5153956,
000510.SZ,新金路,2021-01-21,4.24,4.33,4.23,4.26,5517566,
000510.SZ,新金路,2021-01-22,4.25,4.29,4.21,4.28,5608114,
000510.SZ,新金路,2021-01-25,4.28,4.32,4.2,4.22,6526504,
000510.SZ,新金路,2021-01-26,4.18,4.18,3.98,4,10383659,
000510.SZ,新金路,2021-01-27,4.05,4.07,4.01,4.04,3079651,
000510.SZ,新金路,2021-01-28,4.06,4.06,3.93,3.95,3441100,
000510.SZ,新金路,2021-01-29,3.95,4.01,3.91,4,4338610,
000510.SZ,新金路,2021-02-01,3.99,4.03,3.98,4.01,4059810,
000510.SZ,新金路,2021-02-02,4,4.04,3.98,4.01,2745300,
000510.SZ,新金路,2021-02-03,4,4.04,3.95,4.01,3512000,
000510.SZ,新金路,2021-02-04,4.02,4.02,3.88,4,3757487,
000510.SZ,新金路,2021-02-05,3.99,4,3.96,4,2453400,
000510.SZ,新金路,2021-02-08,4,4.01,3.97,4,4453633,
000510.SZ,新金路,2021-02-09,4.03,4.05,3.98,4.02,5121011,
000510.SZ,新金路,2021-02-10,4.06,4.06,4,4.02,3538230,
000510.SZ,新金路,2021-02-18,4.04,4.13,4.03,4.13,5703936,
000510.SZ,新金路,2021-02-19,4.13,4.29,4.11,4.29,10133153,
000510.SZ,新金路,2021-02-22,4.35,4.72,4.33,4.68,43492544,
000510.SZ,新金路,2021-02-23,4.6,4.63,4.44,4.5,29608491,
000510.SZ,新金路,2021-02-24,4.54,4.58,4.44,4.53,17301237,
000510.SZ,新金路,2021-02-25,4.59,4.6,4.39,4.39,15373583,
000510.SZ,新金路,2021-02-26,4.34,4.65,4.3,4.45,14004338,
000510.SZ,新金路,2021-03-01,4.45,4.6,4.42,4.56,17631953,
000510.SZ,新金路,2021-03-02,4.53,4.55,4.37,4.43,13379743,
000510.SZ,新金路,2021-03-03,4.42,4.64,4.42,4.58,15500211,
000510.SZ,新金路,2021-03-04,4.61,4.65,4.49,4.53,14625402,
000510.SZ,新金路,2021-03-05,4.49,4.57,4.46,4.55,8866915,
000510.SZ,新金路,2021-03-08,4.6,4.63,4.47,4.5,10790601,
000510.SZ,新金路,2021-03-09,4.5,4.73,4.38,4.56,23624501,
000510.SZ,新金路,2021-03-10,4.57,4.62,4.48,4.53,12032900,
000510.SZ,新金路,2021-03-11,4.54,4.67,4.48,4.67,13407179,
000510.SZ,新金路,2021-03-12,4.67,4.69,4.56,4.61,11532501,
000510.SZ,新金路,2021-03-15,4.63,4.76,4.6,4.7,15654530,
000510.SZ,新金路,2021-03-16,4.85,4.99,4.61,4.64,25225240,
000510.SZ,新金路,2021-03-17,4.6,4.65,4.51,4.58,14278695,
000510.SZ,新金路,2021-03-18,4.58,4.71,4.54,4.67,13024011,
000510.SZ,新金路,2021-03-19,4.57,4.68,4.52,4.58,11257406,
000510.SZ,新金路,2021-03-22,4.55,4.65,4.55,4.64,10658050,
000510.SZ,新金路,2021-03-23,4.64,4.67,4.46,4.53,10261300,
000510.SZ,新金路,2021-03-24,4.53,4.54,4.42,4.46,6348130,
000510.SZ,新金路,2021-03-25,4.47,4.5,4.41,4.43,4659831,
000510.SZ,新金路,2021-03-26,4.46,4.51,4.41,4.47,6740050,
000510.SZ,新金路,2021-03-29,4.48,4.5,4.41,4.46,6049801,
000510.SZ,新金路,2021-03-30,4.45,4.46,4.31,4.38,5821686,
000510.SZ,新金路,2021-03-31,4.37,4.46,4.35,4.45,4139085,
000510.SZ,新金路,2021-04-01,4.46,4.46,4.39,4.42,3517600,
000510.SZ,新金路,2021-04-02,4.42,4.48,4.42,4.45,3140200,
000510.SZ,新金路,2021-04-06,4.44,4.5,4.43,4.47,4588400,
000510.SZ,新金路,2021-04-07,4.46,4.57,4.44,4.56,7922357,
000510.SZ,新金路,2021-04-08,4.55,4.63,4.53,4.59,9201500,
000510.SZ,新金路,2021-04-09,4.59,4.69,4.58,4.68,10624541,
000510.SZ,新金路,2021-04-12,4.68,4.73,4.58,4.62,8258386,
000510.SZ,新金路,2021-04-13,4.62,4.67,4.53,4.64,9034100,
000510.SZ,新金路,2021-04-14,4.64,4.65,4.54,4.62,7749502,
000510.SZ,新金路,2021-04-15,4.58,4.62,4.55,4.58,4925401,
000510.SZ,新金路,2021-04-16,4.59,4.73,4.58,4.68,9507301,
000510.SZ,新金路,2021-04-19,4.67,4.78,4.67,4.73,9137561,
000510.SZ,新金路,2021-04-20,4.73,4.79,4.68,4.69,9182221,
000510.SZ,新金路,2021-04-21,4.68,4.7,4.62,4.63,4984071,
000510.SZ,新金路,2021-04-22,4.64,4.74,4.62,4.74,7518129,
000510.SZ,新金路,2021-04-23,4.73,4.79,4.58,4.65,9175445,
000510.SZ,新金路,2021-04-26,4.66,4.88,4.65,4.76,17947730,
000510.SZ,新金路,2021-04-27,4.72,4.81,4.62,4.78,12895031,
000510.SZ,新金路,2021-04-28,4.75,4.84,4.58,4.73,18304041,
000510.SZ,新金路,2021-04-29,4.73,4.76,4.65,4.67,9268202,
000510.SZ,新金路,2021-04-30,4.67,4.83,4.67,4.79,21727300,
000510.SZ,新金路,2021-05-06,4.82,5.09,4.78,4.99,32513210,
000510.SZ,新金路,2021-05-07,5.05,5.34,5.04,5.2,36113557,
000510.SZ,新金路,2021-05-10,5.2,5.32,5.12,5.26,28597778,
000510.SZ,新金路,2021-05-11,5.23,5.43,5.18,5.41,27098810,
000510.SZ,新金路,2021-05-12,5.46,5.48,5.25,5.44,22158249,
000510.SZ,新金路,2021-05-13,5.38,5.42,5.28,5.32,19650574,
000510.SZ,新金路,2021-05-14,5.35,5.42,5.2,5.35,21563882,
000510.SZ,新金路,2021-05-17,5.31,5.4,5.23,5.3,17923039,
000510.SZ,新金路,2021-05-18,5.3,5.41,5.23,5.41,20176398,
000510.SZ,新金路,2021-05-19,5.39,5.42,5.25,5.31,16063534,
000510.SZ,新金路,2021-05-20,5.27,5.28,5.12,5.15,21850498,
000510.SZ,新金路,2021-05-21,5.18,5.18,5.07,5.11,11947401,
000510.SZ,新金路,2021-05-24,5.21,5.56,5.08,5.2,51261371,
000510.SZ,新金路,2021-05-25,5.17,5.21,4.88,5.15,33871976,
000510.SZ,新金路,2021-05-26,5.09,5.21,5.06,5.14,17457094,
000510.SZ,新金路,2021-05-27,5.14,5.22,5.09,5.15,16456626,
000510.SZ,新金路,2021-05-28,5.16,5.25,5.11,5.15,29309714,
000510.SZ,新金路,2021-05-31,5.14,5.19,5.03,5.03,30599036,
000510.SZ,新金路,2021-06-01,5.01,5.02,4.83,4.94,23527258,
000510.SZ,新金路,2021-06-02,4.96,5.02,4.91,4.92,10976560,
000510.SZ,新金路,2021-06-03,4.9,4.97,4.86,4.9,8491500,
000510.SZ,新金路,2021-06-04,4.92,4.96,4.87,4.92,9769801,
000510.SZ,新金路,2021-06-07,4.93,5.03,4.93,4.96,13953203,
000510.SZ,新金路,2021-06-08,4.95,5.01,4.9,4.93,11011425,
000510.SZ,新金路,2021-06-09,4.91,4.98,4.9,4.94,12629101,
000510.SZ,新金路,2021-06-10,4.95,4.96,4.85,4.91,13419337,
000510.SZ,新金路,2021-06-11,4.92,4.93,4.75,4.8,16799002,
000510.SZ,新金路,2021-06-15,4.86,4.87,4.7,4.73,10448522,
000510.SZ,新金路,2021-06-16,4.76,4.76,4.6,4.63,10639906,
000510.SZ,新金路,2021-06-17,4.63,4.66,4.61,4.62,6716501,
000510.SZ,新金路,2021-06-18,4.64,4.68,4.58,4.64,7801020,
000510.SZ,新金路,2021-06-21,4.61,4.68,4.59,4.61,9141860,
000510.SZ,新金路,2021-06-22,4.62,4.8,4.6,4.76,26583434,
000510.SZ,新金路,2021-06-23,4.73,4.78,4.69,4.74,8131300,
000510.SZ,新金路,2021-06-24,4.74,4.82,4.7,4.79,15168800,
000510.SZ,新金路,2021-06-25,4.77,4.8,4.74,4.79,9347600,
000510.SZ,新金路,2021-06-28,4.82,4.82,4.72,4.75,8008601,
000510.SZ,新金路,2021-06-29,4.75,4.75,4.64,4.66,9131325,
000510.SZ,新金路,2021-06-30,4.68,4.78,4.66,4.75,11442101,
000510.SZ,新金路,2021-07-01,4.76,4.78,4.65,4.67,8352500,
000510.SZ,新金路,2021-07-02,4.65,4.7,4.64,4.67,5756207,
000510.SZ,新金路,2021-07-05,4.68,4.8,4.66,4.8,9097664,
000510.SZ,新金路,2021-07-06,4.83,4.9,4.75,4.88,11586610,
000510.SZ,新金路,2021-07-07,4.86,4.91,4.82,4.88,7841600,
000510.SZ,新金路,2021-07-08,4.9,4.91,4.8,4.86,10033824,
000510.SZ,新金路,2021-07-09,4.85,5.18,4.83,5.17,26135265,
000510.SZ,新金路,2021-07-12,5.14,5.31,5.09,5.19,22366508,
000510.SZ,新金路,2021-07-13,5.2,5.23,5.13,5.21,11369112,
000510.SZ,新金路,2021-07-14,5.24,5.3,5.17,5.22,14533412,
000510.SZ,新金路,2021-07-15,5.23,5.31,5.17,5.31,22453987,
000510.SZ,新金路,2021-07-16,5.28,5.43,5.25,5.36,17220831,
000510.SZ,新金路,2021-07-19,5.44,5.9,5.36,5.9,52091255,
000510.SZ,新金路,2021-07-20,5.72,5.77,5.51,5.64,57186591,
000510.SZ,新金路,2021-07-21,5.65,5.8,5.59,5.74,32752588,
000510.SZ,新金路,2021-07-22,5.68,6.05,5.68,5.96,33287647,
000510.SZ,新金路,2021-07-23,6,6.34,5.95,6.07,35391763,
000510.SZ,新金路,2021-07-26,6.06,6.14,5.8,5.94,38811916,
000510.SZ,新金路,2021-07-27,5.94,5.98,5.62,5.65,25261201,
000510.SZ,新金路,2021-07-28,5.6,5.74,5.24,5.57,24348905,
000510.SZ,新金路,2021-07-29,5.67,5.78,5.6,5.7,15438751,
000510.SZ,新金路,2021-07-30,5.63,5.77,5.63,5.74,16115213,
000510.SZ,新金路,2021-08-02,5.71,5.79,5.62,5.74,16591805,
000510.SZ,新金路,2021-08-03,5.74,6.1,5.71,5.83,23807595,
000510.SZ,新金路,2021-08-04,5.8,5.96,5.69,5.93,13942131,
000510.SZ,新金路,2021-08-05,5.93,5.97,5.72,5.77,13024001,
000510.SZ,新金路,2021-08-06,5.74,6.25,5.73,6.22,28783152,
000510.SZ,新金路,2021-08-09,6.25,6.32,6.08,6.29,19464303,
000510.SZ,新金路,2021-08-10,6.17,6.56,6.12,6.18,21229962,
000510.SZ,新金路,2021-08-11,6.14,6.33,6.12,6.3,14453601,
000510.SZ,新金路,2021-08-12,6.35,6.35,6.22,6.29,14971550,
000510.SZ,新金路,2021-08-13,6.32,6.39,6.21,6.29,17272374,
000510.SZ,新金路,2021-08-16,6.3,6.45,6.28,6.34,16008647,
000510.SZ,新金路,2021-08-17,6.26,6.36,6.03,6.06,19168340,
000510.SZ,新金路,2021-08-18,6.1,6.43,6.04,6.21,21780091,
000510.SZ,新金路,2021-08-19,6.22,6.49,6.08,6.1,23810051,
000510.SZ,新金路,2021-08-20,5.99,6.15,5.88,6.04,20414110,
000510.SZ,新金路,2021-08-23,6.09,6.25,6.06,6.13,15535211,
000510.SZ,新金路,2021-08-24,6.25,6.74,6.17,6.74,43190321,
000510.SZ,新金路,2021-08-25,7.02,7.09,6.58,6.64,59339930,
000510.SZ,新金路,2021-08-26,6.71,6.99,6.6,6.85,48394609,
000510.SZ,新金路,2021-08-27,6.81,7.27,6.8,7.11,48808029,
000510.SZ,新金路,2021-08-30,7.15,7.27,6.99,7.08,36892799,
000510.SZ,新金路,2021-08-31,7.03,7.12,6.83,7.02,28008852,
000510.SZ,新金路,2021-09-01,7,7.17,6.94,7.05,46092058,
000510.SZ,新金路,2021-09-02,7.05,7.41,6.96,7.2,51101723,
000510.SZ,新金路,2021-09-03,7.1,7.35,6.99,7.08,34260229,
000510.SZ,新金路,2021-09-06,7.05,7.19,6.79,7.01,33155797,
000510.SZ,新金路,2021-09-07,7.08,7.33,7.02,7.24,30226207,
000510.SZ,新金路,2021-09-08,7.27,7.77,7.25,7.59,45141387,
000510.SZ,新金路,2021-09-09,7.6,8.25,7.4,7.83,59318622,
000510.SZ,新金路,2021-09-10,7.83,7.86,7.45,7.48,37764019,
000510.SZ,新金路,2021-09-13,7.56,7.64,7.25,7.58,30865665,
000510.SZ,新金路,2021-09-14,7.6,7.61,7.19,7.24,34855001,
000510.SZ,新金路,2021-09-15,7.25,7.65,7.2,7.58,34042819,
000510.SZ,新金路,2021-09-16,7.85,7.89,7.39,7.44,30709668,
000510.SZ,新金路,2021-09-17,7.39,7.68,7.25,7.55,30660400,
000510.SZ,新金路,2021-09-22,7.48,7.77,7.36,7.76,32238104,
000510.SZ,新金路,2021-09-23,7.75,8.48,7.34,8.03,64981049,
000510.SZ,新金路,2021-09-24,7.96,7.96,7.23,7.23,52718378,
000510.SZ,新金路,2021-09-27,7.16,7.17,6.51,6.51,47523044,
000510.SZ,新金路,2021-09-28,6.46,6.76,6.43,6.56,28604917,
000510.SZ,新金路,2021-09-29,6.47,6.58,6.13,6.18,24142577,
000510.SZ,新金路,2021-09-30,6.25,6.71,6.2,6.64,33990501,
000510.SZ,新金路,2021-10-08,6.78,6.86,6.44,6.76,27910400,
000510.SZ,新金路,2021-10-11,6.86,6.89,6.58,6.74,18001422,
000510.SZ,新金路,2021-10-12,6.71,6.8,6.56,6.65,14216565,
000510.SZ,新金路,2021-10-13,6.61,6.65,6.41,6.58,14739526,
000510.SZ,新金路,2021-10-14,6.47,6.65,6.38,6.56,11859737,
000510.SZ,新金路,2021-10-15,6.64,6.66,6.33,6.34,18702602,
000510.SZ,新金路,2021-10-18,6.21,6.71,6.21,6.69,24811203,
000510.SZ,新金路,2021-10-19,6.68,6.69,6.48,6.59,16089463,
000510.SZ,新金路,2021-10-20,6.65,6.65,6.35,6.5,17934401,
000510.SZ,新金路,2021-10-21,6.43,6.58,6.4,6.42,13767841,
000510.SZ,新金路,2021-10-22,6.39,6.44,6.18,6.24,16160900,
000510.SZ,新金路,2021-10-25,6.24,6.38,6.16,6.24,13055310,
000510.SZ,新金路,2021-10-26,6.25,6.36,6.02,6.1,19843400,
000510.SZ,新金路,2021-10-27,6.07,6.12,5.83,5.97,18526710,
000510.SZ,新金路,2021-10-28,5.96,6.04,5.37,5.7,14200241,
000510.SZ,新金路,2021-10-29,5.78,5.9,5.63,5.85,13016601,
000510.SZ,新金路,2021-11-01,5.83,5.85,5.66,5.76,17593900,
000510.SZ,新金路,2021-11-02,5.8,5.8,5.4,5.5,17123900,
000510.SZ,新金路,2021-11-03,5.53,5.6,5.4,5.48,11905958,
000510.SZ,新金路,2021-11-04,5.55,5.58,5.4,5.43,14803700,
000510.SZ,新金路,2021-11-05,5.45,5.45,5.17,5.18,20967341,
000510.SZ,新金路,2021-11-08,5.18,5.28,5.11,5.2,13914802,
000510.SZ,新金路,2021-11-09,5.23,5.29,5.17,5.2,11479400,
000510.SZ,新金路,2021-11-10,5.2,5.21,5.05,5.17,13938911,
000510.SZ,新金路,2021-11-11,5.19,5.25,5.16,5.24,14360450,
000510.SZ,新金路,2021-11-12,5.21,5.27,5.12,5.14,16310752,
000510.SZ,新金路,2021-11-15,5.16,5.21,5.06,5.12,23713720,
000510.SZ,新金路,2021-11-16,5.13,5.15,5.01,5.01,17682150,
000510.SZ,新金路,2021-11-17,5,5.17,4.97,5.17,19167362,
000510.SZ,新金路,2021-11-18,5.18,5.4,5.14,5.25,29602601,
000510.SZ,新金路,2021-11-19,5.26,5.52,5.25,5.52,29096997,
000510.SZ,新金路,2021-11-22,5.58,5.75,5.53,5.6,28021547,
000510.SZ,新金路,2021-11-23,5.61,5.77,5.54,5.7,21943052,
